{
    "Average": {
        "Total Nurses": 16.825,
        "Total Patients": 61.85,
        "Mean Workload": 2.7250365672345644,
        "Std Deviation of Workload": 1.4368910386457696,
        "Mean Length of Stay": 4.058974075479265,
        "Std Deviation of Length of Stay": 1.8673117528978647,
        "Total Length of Stay": 250.125,
        "Occupancy Rate": 0.6130514705882353
    },
    "Maximum": {
        "Total Nurses": 23,
        "Total Patients": 76,
        "Mean Workload": 3.0961538461538463,
        "Std Deviation of Workload": 1.5671648827532847,
        "Mean Length of Stay": 4.810344827586207,
        "Std Deviation of Length of Stay": 2.7967376837195714,
        "Total Length of Stay": 294,
        "Occupancy Rate": 0.7205882352941176
    },
    "Minimum": {
        "Total Nurses": 13,
        "Total Patients": 45,
        "Mean Workload": 2.159090909090909,
        "Std Deviation of Workload": 1.2987482388637943,
        "Mean Length of Stay": 3.559322033898305,
        "Std Deviation of Length of Stay": 1.2021108195733083,
        "Total Length of Stay": 186,
        "Occupancy Rate": 0.45588235294117646
    },
    "Case_Study_Data\\UMD_instance_13": {
        "Total Nurses": 17,
        "Total Patients": 76,
        "Mean Workload": 2.760204081632653,
        "Std Deviation of Workload": 1.4137232018575752,
        "Mean Length of Stay": 3.8684210526315788,
        "Std Deviation of Length of Stay": 1.6839802474150967,
        "Total Length of Stay": 294,
        "Occupancy Rate": 0.7205882352941176
    },
    "Case_Study_Data\\UMD_instance_11": {
        "Total Nurses": 17,
        "Total Patients": 65,
        "Mean Workload": 2.231578947368421,
        "Std Deviation of Workload": 1.406354675240323,
        "Mean Length of Stay": 4.384615384615385,
        "Std Deviation of Length of Stay": 2.2548025668303233,
        "Total Length of Stay": 285,
        "Occupancy Rate": 0.6985294117647058
    },
    "Case_Study_Data\\UMD_instance_01": {
        "Total Nurses": 17,
        "Total Patients": 59,
        "Mean Workload": 2.5268817204301075,
        "Std Deviation of Workload": 1.4674220664380977,
        "Mean Length of Stay": 4.728813559322034,
        "Std Deviation of Length of Stay": 2.7967376837195714,
        "Total Length of Stay": 279,
        "Occupancy Rate": 0.6838235294117647
    },
    "Case_Study_Data\\UMD_instance_04": {
        "Total Nurses": 16,
        "Total Patients": 58,
        "Mean Workload": 2.639784946236559,
        "Std Deviation of Workload": 1.4196794297416648,
        "Mean Length of Stay": 4.810344827586207,
        "Std Deviation of Length of Stay": 2.312869384831008,
        "Total Length of Stay": 279,
        "Occupancy Rate": 0.6838235294117647
    },
    "Case_Study_Data\\UMD_instance_14": {
        "Total Nurses": 17,
        "Total Patients": 75,
        "Mean Workload": 2.903225806451613,
        "Std Deviation of Workload": 1.5143602065632598,
        "Mean Length of Stay": 3.72,
        "Std Deviation of Length of Stay": 1.4663799883625903,
        "Total Length of Stay": 279,
        "Occupancy Rate": 0.6838235294117647
    },
    "Case_Study_Data\\UMD_instance_36": {
        "Total Nurses": 20,
        "Total Patients": 71,
        "Mean Workload": 2.8967391304347827,
        "Std Deviation of Workload": 1.369132874395345,
        "Mean Length of Stay": 3.887323943661972,
        "Std Deviation of Length of Stay": 1.7117183995259424,
        "Total Length of Stay": 276,
        "Occupancy Rate": 0.6764705882352942
    },
    "Case_Study_Data\\UMD_instance_38": {
        "Total Nurses": 19,
        "Total Patients": 68,
        "Mean Workload": 2.7989130434782608,
        "Std Deviation of Workload": 1.4249144976912045,
        "Mean Length of Stay": 4.0588235294117645,
        "Std Deviation of Length of Stay": 1.9916418857889961,
        "Total Length of Stay": 276,
        "Occupancy Rate": 0.6764705882352942
    },
    "Case_Study_Data\\UMD_instance_35": {
        "Total Nurses": 18,
        "Total Patients": 68,
        "Mean Workload": 2.5274725274725274,
        "Std Deviation of Workload": 1.3241543478047229,
        "Mean Length of Stay": 4.014705882352941,
        "Std Deviation of Length of Stay": 2.047879478867075,
        "Total Length of Stay": 273,
        "Occupancy Rate": 0.6691176470588235
    },
    "Case_Study_Data\\UMD_instance_09": {
        "Total Nurses": 18,
        "Total Patients": 67,
        "Mean Workload": 2.8555555555555556,
        "Std Deviation of Workload": 1.5064932910579067,
        "Mean Length of Stay": 4.029850746268656,
        "Std Deviation of Length of Stay": 1.4351660156711186,
        "Total Length of Stay": 270,
        "Occupancy Rate": 0.6617647058823529
    },
    "Case_Study_Data\\UMD_instance_24": {
        "Total Nurses": 16,
        "Total Patients": 71,
        "Mean Workload": 2.8222222222222224,
        "Std Deviation of Workload": 1.406908555018761,
        "Mean Length of Stay": 3.8028169014084505,
        "Std Deviation of Length of Stay": 1.6001760466528956,
        "Total Length of Stay": 270,
        "Occupancy Rate": 0.6617647058823529
    },
    "Case_Study_Data\\UMD_instance_05": {
        "Total Nurses": 16,
        "Total Patients": 62,
        "Mean Workload": 2.6741573033707864,
        "Std Deviation of Workload": 1.524009585945477,
        "Mean Length of Stay": 4.306451612903226,
        "Std Deviation of Length of Stay": 2.280269682622904,
        "Total Length of Stay": 267,
        "Occupancy Rate": 0.6544117647058824
    },
    "Case_Study_Data\\UMD_instance_08": {
        "Total Nurses": 17,
        "Total Patients": 64,
        "Mean Workload": 2.764044943820225,
        "Std Deviation of Workload": 1.3861499899285108,
        "Mean Length of Stay": 4.171875,
        "Std Deviation of Length of Stay": 2.2435423202732645,
        "Total Length of Stay": 267,
        "Occupancy Rate": 0.6544117647058824
    },
    "Case_Study_Data\\UMD_instance_32": {
        "Total Nurses": 16,
        "Total Patients": 64,
        "Mean Workload": 2.752808988764045,
        "Std Deviation of Workload": 1.4362608301935007,
        "Mean Length of Stay": 4.171875,
        "Std Deviation of Length of Stay": 2.0436093769882455,
        "Total Length of Stay": 267,
        "Occupancy Rate": 0.6544117647058824
    },
    "Case_Study_Data\\UMD_instance_02": {
        "Total Nurses": 17,
        "Total Patients": 58,
        "Mean Workload": 2.159090909090909,
        "Std Deviation of Workload": 1.3680966017384562,
        "Mean Length of Stay": 4.551724137931035,
        "Std Deviation of Length of Stay": 2.264697910168025,
        "Total Length of Stay": 264,
        "Occupancy Rate": 0.6470588235294118
    },
    "Case_Study_Data\\UMD_instance_19": {
        "Total Nurses": 17,
        "Total Patients": 65,
        "Mean Workload": 2.574712643678161,
        "Std Deviation of Workload": 1.439590371314095,
        "Mean Length of Stay": 4.015384615384615,
        "Std Deviation of Length of Stay": 1.6152815901212443,
        "Total Length of Stay": 261,
        "Occupancy Rate": 0.6397058823529411
    },
    "Case_Study_Data\\UMD_instance_40": {
        "Total Nurses": 23,
        "Total Patients": 65,
        "Mean Workload": 2.82183908045977,
        "Std Deviation of Workload": 1.519577465408455,
        "Mean Length of Stay": 4.015384615384615,
        "Std Deviation of Length of Stay": 1.6152815901212443,
        "Total Length of Stay": 261,
        "Occupancy Rate": 0.6397058823529411
    },
    "Case_Study_Data\\UMD_instance_15": {
        "Total Nurses": 18,
        "Total Patients": 66,
        "Mean Workload": 2.6744186046511627,
        "Std Deviation of Workload": 1.421981653800572,